Date/Time (EST),daily MAX of 12-23m Temperature (F),daily MIN of 12-23m Temperature (F),daily AVG of 15-24m Solar radiation (hourly average) (Wm2)
1/1/16,59,48.9,48.33333333
1/2/16,54,39,108.3333333
1/3/16,50,33.1,71.25
1/4/16,46,34,133.75
1/5/16,39,27,151.25
1/6/16,46.9,26.1,108.3333333
1/7/16,51.1,39.9,99.16666667
1/8/16,50,41,30.83333333
1/9/16,55.9,48,37.08333333
1/10/16,63,45,125.4166667
1/11/16,48,28,150.4166667
1/12/16,55,28.9,150.8333333
1/13/16,48,28.9,153.75
1/14/16,61,28.9,150
1/15/16,57.9,32,25
1/16/16,64.9,44.1,135.4166667
1/17/16,46.9,32,31.25
1/18/16,44.1,28,157.5
1/19/16,37,21,162.0833333
1/20/16,41,21,97.5
1/21/16,50,30.9,158.75
1/22/16,37,30,10.69565217
1/23/16,35.1,27,46.25
1/24/16,48,28,168.3333333
1/25/16,59,25,155
1/26/16,64.9,34,124.1666667
1/27/16,54,45,39.16666667
1/28/16,46,41,35
1/29/16,60.1,37,170
1/30/16,61,28.9,168.75
1/31/16,70,36,155
2/1/16,73.9,48.9,157.9166667
2/2/16,69.1,48.9,115.4166667
2/3/16,73,57,55
2/4/16,66.9,50,15
2/5/16,50,33.1,175
2/6/16,51.1,28.9,151.25
2/7/16,43,35.1,19.58333333
2/8/16,57.9,30,167.9166667
2/9/16,45,36,135
2/10/16,39.9,28,161.25
2/11/16,46.9,21.9,195.8333333
2/12/16,34,28.9,48.33333333
2/13/16,41,25,202.9166667
2/14/16,34,21.9,148.75
2/15/16,44.1,30,63.33333333
2/16/16,61,42.1,159.1666667
2/17/16,59,41,187.9166667
2/18/16,54,35.1,202.9166667
2/19/16,55.9,32,205.8333333
2/20/16,37.9,37.9,0
2/21/16,missing,missing,missing
2/22/16,66,51.1,75.57142857
2/23/16,54,48.9,47.5
2/24/16,75.9,51.1,83.75
2/25/16,55.9,44.1,181.6666667
2/26/16,54,35.1,226.25
2/27/16,54,28.9,226.6666667
2/28/16,68,33.1,230.8333333
2/29/16,73,48.9,223.3333333
3/1/16,73.9,44.1,153.75
3/2/16,62.1,43,217.9166667
3/3/16,57.9,34,200
3/4/16,55,41,183.3333333
3/5/16,57.9,34,195.8333333
3/6/16,61,41,201.6666667
3/7/16,66.9,37,237.9166667
3/8/16,75.9,46,231.25
3/9/16,78.1,48.9,221.25
3/10/16,81,57.9,210.4166667
3/11/16,81,62.1,173.3333333
3/12/16,81,57.9,214.5833333
3/13/16,82.9,62.1,165
3/14/16,82,66,191.6666667
3/15/16,81,57,250.4166667
3/16/16,86,60.1,240.4166667
3/17/16,81,50,245
3/18/16,75,55,257.0833333
3/19/16,75,51.1,125.4166667
3/20/16,51.1,43,36.66666667
3/21/16,57.9,39,272.5
3/22/16,69.1,33.1,273.75
3/23/16,75.9,50,270
3/24/16,79,48.9,224.5833333
3/25/16,79,64.9,190.8333333
3/26/16,72,57,67.5
3/27/16,68,60.1,44.16666667
3/28/16,79,55.9,242.0833333
3/29/16,69.1,44.1,281.6666667
3/30/16,71.1,41,244.5833333
3/31/16,79,48.9,185.4166667
4/1/16,75,66,103.75
4/2/16,75,59,168.3913043
4/3/16,66,45,300.8333333
4/4/16,66.9,41,150.0909091
4/5/16,57,42.1,287.6666667
4/6/16,64.9,30,246.173913
4/7/16,72,55,216
4/8/16,66.9,48,255.173913
4/9/16,62.1,39,324.826087
4/10/16,61,32,283.5416667
4/11/16,75,42.1,243.7916667
4/12/16,63,57.9,49.58333333
4/13/16,68,52,289.5833333
4/14/16,69.1,44.1,290.8333333
4/15/16,66.9,46.9,222.5
4/16/16,71.1,43,302.5
4/17/16,73,41,325
4/18/16,84,39.9,317.9166667
4/19/16,89.1,54,288.75
4/20/16,80.1,59,233.75
4/21/16,81,54,231.6666667
4/22/16,73.9,62.1,105
4/23/16,78.1,57.9,250.8333333
4/24/16,77,57,314.1666667
4/25/16,81,51.1,295.4166667
4/26/16,82.9,57.9,295
4/27/16,87.1,63,285.8333333
4/28/16,86,64,227.9166667
4/29/16,84.9,64,287.5
4/30/16,75,63,163.8333333
5/1/16,73.9,62.1,105.8333333
5/2/16,82.9,66.9,181.25
5/3/16,78.1,64.9,163.3333333
5/4/16,79,60.1,285.4166667
5/5/16,64,50,214.5833333
5/6/16,66.9,50,174.5833333
5/7/16,78.1,51.1,316.6666667
5/8/16,88,63,305.4166667
5/9/16,88,64,260.8333333
5/10/16,80.1,66,154.5833333
5/11/16,86,64,262.5
5/12/16,89.1,66,228.75
5/13/16,82,66,157.9166667
5/14/16,84.9,59,310.4166667
5/15/16,71.1,52,355.6521739
5/16/16,75,48.9,310.8333333
5/17/16,78.1,61,104.1666667
5/18/16,68,63,94.16666667
5/19/16,64.9,60.1,50
5/20/16,66.9,59,92.91666667
5/21/16,79,64.9,181.25
5/22/16,73,57,199.1666667
5/23/16,68,53.1,202.5
5/24/16,82.9,52,327.0833333
5/25/16,89.1,60.1,333.75
5/26/16,88,66,298.3333333
5/27/16,87.1,63,314.5833333
5/28/16,84.9,60.1,232.5
5/29/16,82.9,71.1,192.9166667
5/30/16,84.9,71.1,176.6666667
5/31/16,86,71.1,257.0833333
6/1/16,87.1,72,294.5833333
6/2/16,91.9,69.1,307.9166667
6/3/16,91.9,71.1,291.6666667
6/4/16,93,75,301.25
6/5/16,91,75,254.1666667
6/6/16,81,71.1,88.33333333
6/7/16,90,69.1,314.1666667
6/8/16,86,63,345
6/9/16,84.9,57.9,342.9166667
6/10/16,88,63,331.6666667
6/11/16,91.9,69.1,295
6/12/16,97,73.9,328.3333333
6/13/16,89.1,71.1,349.1666667
6/14/16,93.9,69.1,228.3333333
6/15/16,91,72,224.1666667
6/16/16,93.9,73.9,267.0833333
6/17/16,91,72,294.5833333
6/18/16,84.9,69.1,337.5
6/19/16,84,63,315
6/20/16,88,61,341.25
6/21/16,91,68,294.1666667
6/22/16,95,72,316.6666667
6/23/16,97,75.9,302.0833333
6/24/16,91,72,170
6/25/16,89.1,71.1,186.6666667
6/26/16,88,70,323.75
6/27/16,91,69.1,287.5
6/28/16,80.1,73,118.75
6/29/16,91.9,71.1,312.0833333
6/30/16,91,71.1,300
7/1/16,91,75,244.1666667
7/2/16,91,73,247.0833333
7/3/16,93.9,73.9,206.25
7/4/16,93,73.9,226.6666667
7/5/16,95,75.9,310.8333333
7/6/16,93,73,287.5
7/7/16,95,72,286.6666667
7/8/16,95,72,297.5
7/9/16,93,72,287.5
7/10/16,93,73.9,305.4166667
7/11/16,91,71.1,196.6666667
7/12/16,91.9,70,261.6666667
7/13/16,95,75,305
7/14/16,96.1,75.9,305.4166667
7/15/16,93.9,73,237.0833333
7/16/16,88,71.1,172.5
7/17/16,91,70,305
7/18/16,93,71.1,311.25
7/19/16,93,71.1,269.5833333
7/20/16,90,71.1,285.4166667
7/21/16,93,73,314.1666667
7/22/16,91,73,276.25
7/23/16,95,73.9,283.75
7/24/16,96.1,73.9,303.75
7/25/16,93.9,77,290.8333333
7/26/16,96.1,75,297.5
7/27/16,97,78.1,304.1666667
7/28/16,96.1,78.1,307.9166667
7/29/16,95,78.1,297.0833333
7/30/16,97,75,290.8333333
7/31/16,95,75.9,246.25
8/1/16,93,75,245
8/2/16,90,73,201.25
8/3/16,90,73,221.25
8/4/16,89.1,73.9,203.75
8/5/16,88,73.9,190.8333333
8/6/16,91.9,75.9,208.3333333
8/7/16,91.9,77,231.25
8/8/16,90,75,229.1666667
8/9/16,91,75.9,281.25
8/10/16,91.9,75,253.3333333
8/11/16,93.9,73.9,249.5833333
8/12/16,93,75.9,235
8/13/16,93.9,75.9,251.25
8/14/16,95,75.9,286.25
8/15/16,95,75,280.4166667
8/16/16,93.9,73.9,258.75
8/17/16,95,75,290.4166667
8/18/16,90,73.9,165.8333333
8/19/16,91.9,72,228.3333333
8/20/16,93,73.9,228.75
8/21/16,95,73.9,267.5
8/22/16,90,72,262.9166667
8/23/16,90,68,242.5
8/24/16,88,66.9,236.25
8/25/16,91.9,64,257.0833333
8/26/16,93.9,71.1,271.25
8/27/16,95,72,239.1666667
8/28/16,88,73,216.6666667
8/29/16,90,73,203.75
8/30/16,90,72,232.0833333
8/31/16,89.1,73,175.4166667
9/1/16,91.9,71.1,252.0833333
9/2/16,73.9,66.9,17.5
9/3/16,82.9,66,228.3333333
9/4/16,82.9,63,270.8333333
9/5/16,84,61,265.8333333
9/6/16,91,63,266.25
9/7/16,93,70,248.3333333
9/8/16,93.9,70,257.5
9/9/16,91.9,71.1,246.25
9/10/16,91,73,205
9/11/16,91.9,73,229.1666667
9/12/16,82.9,72,87.08333333
9/13/16,88,70,182.0833333
9/14/16,84.9,68,137.9166667
9/15/16,88,69.1,216.25
9/16/16,82,71.1,145
9/17/16,87.1,70,187.0833333
9/18/16,89.1,70,196.6666667
9/19/16,86,71.1,122.0833333
9/20/16,78.1,72,70.41666667
9/21/16,80.1,70,97.5
9/22/16,81,71.1,109.5833333
9/23/16,82.9,71.1,87.91666667
9/24/16,89.1,66.9,233.75
9/25/16,84.9,68,169.5833333
9/26/16,84,68,170.4166667
9/27/16,86,70,202.5
9/28/16,87.1,69.1,188.75
9/29/16,75.9,66.9,91.25
9/30/16,87.1,69.1,165.4166667
10/1/16,84.9,60.1,192.9166667
10/2/16,84.9,62.1,215.4166667
10/3/16,82.9,59,177.9166667
10/4/16,77,64.9,121.25
10/5/16,75,63,80.41666667
10/6/16,72,62.1,77.5
10/7/16,81,66.9,60.83333333
10/8/16,73.9,66.9,9.583333333
10/9/16,73.9,60.1,225
10/10/16,69.1,52,222.5
10/11/16,70,48.9,217.0833333
10/12/16,78.1,55,203.3333333
10/13/16,80.1,54,207.9166667
10/14/16,73.9,60.1,178.75
10/15/16,73.9,55.9,183.3333333
10/16/16,82,55,190.4166667
10/17/16,82.9,57.9,193.3333333
10/18/16,84.9,60.1,190
10/19/16,89.1,64,184.5833333
10/20/16,84,63,176.25
10/21/16,81,57.9,142.9166667
10/22/16,64.9,46,198.75
10/23/16,71.1,39.9,196.25
10/24/16,80.1,50,187.9166667
10/25/16,70,48,191.25
10/26/16,72,43,187.9166667
10/27/16,78.1,51.1,150.8333333
10/28/16,80.1,61,175
10/29/16,81,51.1,176.25
10/30/16,84.9,57,172.0833333
10/31/16,79,57,166.6666667
11/1/16,73,55,135
11/2/16,80.1,52,162.0833333
11/3/16,82.9,55.9,157.0833333
11/4/16,71.1,54,145
11/5/16,66.9,42.1,176.6666667
11/6/16,72,37,170.8333333
11/7/16,66,42.1,171.25
11/8/16,68,37,152.5
11/9/16,66.9,46.9,72.5
11/10/16,64,42.1,165.8333333
11/11/16,72,39.9,155
11/12/16,59,37.9,159.1666667
11/13/16,51.1,36,52.91666667
11/14/16,61,45,75
11/15/16,64.9,42.1,147.5
11/16/16,70,39,151.25
11/17/16,70,43,154.5833333
11/18/16,75.9,41,150.4166667
11/19/16,75,45,133.3333333
11/20/16,55.9,35.1,158.3333333
11/21/16,59,28.9,155
11/22/16,57.9,34,137.5
11/23/16,60.1,30,112.0833333
11/24/16,75,48.9,103.3333333
11/25/16,70,51.1,52.5
11/26/16,62.1,41,144.1666667
11/27/16,55.9,30,144.5833333
11/28/16,64,32,96.25
11/29/16,75.9,61,40.41666667
11/30/16,77,68,73.33333333
12/1/16,69.1,46,141.6666667
12/2/16,59,36,142.9166667
12/3/16,53.1,35.1,111.6666667
12/4/16,46.9,44.1,20
12/5/16,61,45,100.8333333
12/6/16,53.1,46,20.41666667
12/7/16,62.1,43,127.0833333
12/8/16,55,42.1,59.16666667
12/9/16,44.1,27,141.6666667
12/10/16,44.1,26.1,141.25
12/11/16,46.9,24.1,67.08333333
12/12/16,64.9,39.9,55.41666667
12/13/16,48.9,42.1,14.58333333
12/14/16,57,39.9,94.125
12/15/16,53.1,32,156.2916667
12/16/16,37,25,97.08333333
12/17/16,66.9,33.1,133.5217391
12/18/16,77,57.9,102.5652174
12/19/16,52,35.1,11.66666667
12/20/16,42.1,35.1,52.91666667
12/21/16,59,30,152.5
12/22/16,66.9,33.1,124.1666667
12/23/16,55.9,41,132.0833333
12/24/16,64.9,44.1,80
12/25/16,70,45,134.1666667
12/26/16,57.9,45,56.16666667
12/27/16,69.1,51.1,69.625
12/28/16,66.9,42.1,136.4583333
12/29/16,66,39,83.75
12/30/16,52,30,157.0833333
12/31/16,53.1,26.1,87.20833333
1/1/17,53.1,26.1,87.08333333
1/2/17,64,54,31.375
1/3/17,69.1,53.1,44
1/4/17,64,46.9,84.125
1/5/17,53.1,37,106.625
1/6/17,46,39,40.66666667
1/7/17,39,26.1,34.16666667
1/8/17,30,19,166.6666667
1/9/17,37,17.1,148.3333333
1/10/17,57,23,140
1/11/17,69.1,42.1,102.5
1/12/17,73,55,116.6666667
1/13/17,79,52,145.4166667
1/14/17,61,42.1,92.91666667
1/15/17,66,42.1,125.4166667
1/16/17,55,46.9,69.58333333
1/17/17,64.9,48.9,70
1/18/17,77,46.9,103.3333333
1/19/17,66.9,37.9,157.5
1/20/17,72,48,92.91666667
1/21/17,68,51.1,57.08333333
1/22/17,64.9,57.9,52.08333333
1/23/17,61,51.1,94.16666667
1/24/17,64.9,41,158.75
1/25/17,75,37.9,171.6666667
1/26/17,73.9,43,118.75
1/27/17,55,32,177.9166667
1/28/17,54,28.9,177.5
1/29/17,55.9,35.1,170.4166667
1/30/17,50,33.1,185.8333333
1/31/17,71.1,37.9,175
2/1/17,75.9,51.1,171.6666667
2/2/17,73,46.9,167.5
2/3/17,55,42.1,49.16666667
2/4/17,46.9,30,190.8333333
2/5/17,61,34,148.6956522
2/6/17,69.1,36,189.1666667
2/7/17,73.9,48,134.1666667
2/8/17,72,57.9,138.75
2/9/17,64,37.9,190.4166667
2/10/17,53.1,28,187.5
2/11/17,75,43,182.9166667
2/12/17,82,63,176.6666667
2/13/17,66.9,37.9,211.25
2/14/17,69.1,32,203.3333333
2/15/17,62.1,43,55
2/16/17,57,33.1,208.3333333
2/17/17,68,37,200.4166667
2/18/17,72,44.1,161.7083333
2/19/17,73,48.9,206.25
2/20/17,75.9,44.1,210.4166667
2/21/17,70,46.9,156.25
2/22/17,75.9,52,180.8333333
2/23/17,77,53.1,185.4166667
2/24/17,81,52,202.0833333
2/25/17,81,53.1,182.5
2/26/17,60.1,37.9,240.4166667
2/27/17,68,34,176.6666667
2/28/17,81,54,176.6666667
3/1/17,82.9,64.9,165.4166667
3/2/17,64,41,207.5
3/3/17,61,34,243.3333333
3/4/17,57,30,242.9166667
3/5/17,60.1,32,235
3/6/17,69.1,36,187.9166667
3/7/17,73.9,45,190.8333333
3/8/17,73,44.1,197.5
3/9/17,77,37,250.8333333
3/10/17,75,46.9,187.5
3/11/17,57,33.1,206.6666667
3/12/17,46.9,30,77.5
3/13/17,45,30,58.33333333
3/14/17,54,37,128.75
3/15/17,44.1,28,282.9166667
3/16/17,52,25,281.6666667
3/17/17,63,27,267.9166667
3/18/17,69.1,48.9,77.5
3/19/17,60.1,39,252.5
3/20/17,66.9,33.1,273.75
3/21/17,87.1,52,243.75
3/22/17,66.9,48,226.25
3/23/17,60.1,37,285.8333333
3/24/17,73.9,37.9,262.0833333
3/25/17,78.1,51.1,231.6666667
3/26/17,79,51.1,233.3333333
3/27/17,79,55,153.75
3/28/17,82.9,62.1,202.5
3/29/17,79,54,238.3333333
3/30/17,75,55,176.6666667
3/31/17,79,63,204.1666667
4/1/17,78.1,52,291.6666667
4/2/17,73,51.1,290
4/3/17,80.1,53.1,186.6666667
4/4/17,82.9,63,282.5
4/5/17,77,62.1,86.25
4/6/17,69.1,54,252.5
4/7/17,64,46,268.3333333
4/8/17,68,36,306.6666667
4/9/17,77,39.9,310.8333333
4/10/17,79,46.9,288.3333333
4/11/17,82,51.1,305
4/12/17,82,53.1,265
4/13/17,82,57,241.6666667
4/14/17,82.9,53.1,295
4/15/17,82.9,57.9,261.25
4/16/17,82.9,60.1,292.9166667
4/17/17,84,60.1,271.25
4/18/17,71.1,64.9,88.33333333
4/19/17,79,59,224.1666667
4/20/17,84.9,61,242.9166667
4/21/17,89.1,66.9,292.5
4/22/17,88,64.9,263.3333333
4/23/17,68,57.9,51.66666667
4/24/17,61,57.9,30
4/25/17,69.1,57.9,108.3333333
4/26/17,84,57,277.0833333
4/27/17,82,61,252.9166667
4/28/17,91,72,284.1666667
4/29/17,90,73,286.25
4/30/17,86,70,258.3333333
5/1/17,84.9,69.1,251.25
5/2/17,80.1,60.1,334.5833333
5/3/17,84.9,55,326.6666667
5/4/17,82,60.1,255
5/5/17,75,55,239.5833333
5/6/17,70,52,198.3333333
5/7/17,73,48,338.75
5/8/17,78.1,46,343.75
5/9/17,80.1,48.9,208.3333333
5/10/17,90,57,312.0833333
5/11/17,90,66.9,252.9166667
5/12/17,71.1,61,123.75
5/13/17,69.1,60.1,120
5/14/17,82.9,55,339.1666667
5/15/17,90,62.1,327.9166667
5/16/17,91.9,60.1,321.6666667
5/17/17,90,64,331.6666667
5/18/17,88,64.9,300.4166667
5/19/17,89.1,66,300
5/20/17,93.9,68,312.9166667
5/21/17,84,71.1,235
5/22/17,84,68,183.75
5/23/17,75.9,66.9,97.5
5/24/17,80.1,66.9,123.3333333
5/25/17,75.9,64.9,303.75
5/26/17,84.9,60.1,347.0833333
5/27/17,91,62.1,317.9166667
5/28/17,91,71.1,290
5/29/17,91,68,319.1666667
5/30/17,88,66.9,243.75
5/31/17,84.9,71.1,215
6/1/17,87.1,68,245.8333333
6/2/17,90,70,325
6/3/17,90,62.1,287.9166667
6/4/17,90,64.9,299.1666667
6/5/17,87.1,71.1,197.7272727
6/6/17,82.9,71.1,213.3333333
6/7/17,73.9,66,145.8333333
6/8/17,73.9,59,233.3333333
6/9/17,84.9,55.9,317.9166667
6/10/17,89.1,64,309.1666667
6/11/17,90,64.9,317.0833333
6/12/17,89.1,66,271.25
6/13/17,90,66,294.7826087
6/14/17,93,66,299.1666667
6/15/17,91.9,71.1,202.5
6/16/17,91,71.1,255.8333333
6/17/17,86,73,205.4166667
6/18/17,91,73,286.6666667
6/19/17,89.1,75.9,265
6/20/17,80.1,69.1,93.70833333
6/21/17,84,71.1,196.4166667
6/22/17,84.9,73.9,136.125
6/23/17,91,77,272.125
6/24/17,91,75,241.6086957
6/25/17,89.1,75,210.1666667
6/26/17,87.1,68,346.0869565
6/27/17,86,64.9,302.8181818
6/28/17,88,60.1,338.5416667
6/29/17,89.1,61,337.625
6/30/17,84,70,176.625
7/1/17,90,73,232.7083333
7/2/17,91.9,72,323.75
7/3/17,91,73,221.2916667
7/4/17,91,71.1,270.4166667
7/5/17,95,73.9,314.125
7/6/17,95,72,301.7083333
7/7/17,93.9,75.9,291.5
7/8/17,93,71.1,298.5833333
7/9/17,91,71.1,294.5
7/10/17,89.1,70,223.75
7/11/17,91.9,72,320.75
7/12/17,93.9,75,320.0416667
7/13/17,93.9,73.9,325.375
7/14/17,95,77,319.7916667
7/15/17,95,73.9,285.7083333
7/16/17,86,72,140.3333333
7/17/17,84,72,215.8333333
7/18/17,86,71.1,228.9583333
7/19/17,90,71.1,357.5714286
7/20/17,93.9,71.1,318.9583333
7/21/17,95,73.9,306.125
7/22/17,93.9,75.9,312.5
7/23/17,96.1,72,262.875
7/24/17,88,72,201.25
7/25/17,93.9,73,302.9166667
7/26/17,89.1,73.9,287.375
7/27/17,91,69.1,277.3333333
7/28/17,91.9,73.9,247.5416667
7/29/17,89.1,72,221.4583333
7/30/17,84.9,66,328.4166667
7/31/17,86,60.1,330
8/1/17,90,60.1,320.625
8/2/17,90,64,303.0434783
8/3/17,87.1,69.1,243.4210526
8/4/17,87.1,72,192.75
8/5/17,90,73.9,256.7083333
8/6/17,93,70,285.5833333
8/7/17,91,72,247.6666667
8/8/17,84,73,117.0833333
8/9/17,79,70,93.16666667
8/10/17,84.9,68,245.9047619
8/11/17,91,73.9,245.875
8/12/17,91,75,235.6666667
8/13/17,91,77,150.875
8/14/17,91.9,75.9,230.8333333
8/15/17,93,77,241.3333333
8/16/17,93.9,75,237.45
8/17/17,95,75,211.125
8/18/17,95,75.9,279.7083333
8/19/17,91.9,75.9,209.875
8/20/17,93,73.9,263.0833333
8/21/17,91,73.9,237.875
8/22/17,91.9,73,279.7083333
8/23/17,95,73.9,246.375
8/24/17,84.9,72,151.75
8/25/17,87.1,70,249.4166667
8/26/17,87.1,70,256.7826087
8/27/17,84.9,68,286.0833333
8/28/17,77,64.9,127.2916667
8/29/17,78.1,66.9,141.4166667
8/30/17,86,64,252.1666667
8/31/17,87.1,70,167.0416667
9/1/17,88,70,223.7083333
9/2/17,84,71.1,171.4583333
9/3/17,86,66,282.7083333
9/4/17,88,62.1,276.4583333
9/5/17,88,72,228.4166667
9/6/17,82,64.9,96.45833333
9/7/17,79,59,294.5217391
9/8/17,80.1,55,289.5217391
9/9/17,80.1,57,268.5833333
9/10/17,71.1,57.9,164.9166667
9/11/17,70,63,39.79166667
9/12/17,86,68,205.625
9/13/17,84.9,61,248.4583333
9/14/17,88,70,226.7916667
9/15/17,88,66,224.9565217
9/16/17,88,66.9,248.4583333
9/17/17,87.1,68,251.5833333
9/18/17,84.9,66.9,236.625
9/19/17,86,66.9,243.0416667
9/20/17,90,64.9,230.9583333
9/21/17,93,66.9,231.2083333
9/22/17,89.1,64.9,211.6818182
9/23/17,89.1,64.9,242.25
9/24/17,86,66,184.8333333
9/25/17,80.1,64.9,118.625
9/26/17,86,71.1,164.5833333
9/27/17,91.9,71.1,151.7142857
9/28/17,91,66,17.21428571
9/29/17,84,66.9,204.5416667
9/30/17,80.1,61,254.8947368
10/1/17,73,52,222.7916667
10/2/17,81,57,221.25
10/3/17,81,57,228.7083333
10/4/17,81,57,205.3333333
10/5/17,84.9,59,220.4583333
10/6/17,86,59,223.1666667
10/7/17,82.9,64.9,82.875
10/8/17,82.9,75.9,94.58333333
10/9/17,82.9,75.9,82.25
10/10/17,88,75.9,193.6111111
10/11/17,86,73.9,90.43478261
10/12/17,87.1,73.9,154.9375
10/13/17,77,64,154.2222222
10/14/17,77,61,117.8571429
10/15/17,81,61,175.9
10/16/17,75,55,63.41666667
10/17/17,66.9,48,288.3888889
10/18/17,72,42.1,213.0416667
10/19/17,78.1,48.9,199.5
10/20/17,82.9,46,205.8333333
10/21/17,81,48,189.0833333
10/22/17,82,53.1,169.2083333
10/23/17,78.1,62.1,76.25
10/24/17,75,55.9,151.4090909
10/25/17,68,46.9,194.875
10/26/17,66,43,197.7916667
10/27/17,75,39,192.3333333
10/28/17,78.1,46,123.0833333
10/29/17,71.1,44.1,100.2083333
10/30/17,63,37,191.9166667
10/31/17,75.9,42.1,183.5
11/1/17,77,45,172.0833333
11/2/17,81,57,129.2916667
11/3/17,84,53.1,171.1666667
11/4/17,80.1,55,164.6956522
11/5/17,70,57,82.375
11/6/17,80.1,54,145.4583333
11/7/17,79,60.1,83.625
11/8/17,62.1,46.9,20.5
11/9/17,52,46.9,24.83333333
11/10/17,63,46,168.0833333
11/11/17,52,33.1,170.25
11/12/17,63,34,138.1666667
11/13/17,66.9,46,125.8333333
11/14/17,57.9,39.9,135.4166667
11/15/17,57,36,159.5833333
11/16/17,69.1,35.1,161.125
11/17/17,61,36,164.125
11/18/17,71.1,32,126.3333333
11/19/17,64.9,43,150.3333333
11/20/17,63,28.9,163.375
11/21/17,66.9,30.9,85.60869565
11/22/17,68,46,178.8333333
11/23/17,48.9,39,60.875
11/24/17,60.1,34,191.15
11/25/17,66,30,130.875
11/26/17,66,36,154.5416667
11/27/17,63,30,156.7083333
11/28/17,70,28,151.2916667
11/29/17,73.9,43,142.5416667
11/30/17,73,39.9,127.4583333
12/1/17,71.1,52,133.1666667
12/2/17,53.1,48,22
12/3/17,66.9,44.1,113.1666667
12/4/17,66,37,135.5833333
12/5/17,75,46,107.0833333
12/6/17,64.9,51.1,30.72222222
12/7/17,48.9,45,91.3
12/8/17,41,41,51.2
12/9/17,39,37.9,84.66666667
12/10/17,48,33.1,214.9375
12/11/17,55.9,28.9,141.6666667
12/12/17,57.9,37.9,115.7083333
12/13/17,46.9,25,144.9583333
12/14/17,61,35.1,140.3333333
12/15/17,57.9,34,103.0416667
12/16/17,52,26.1,137.4166667
12/17/17,57.9,27,111.9583333
12/18/17,68,45,121.0833333
12/19/17,73.9,45,137.0416667
12/20/17,61,50,18.58333333
12/21/17,60.1,41,135.8333333
12/22/17,64.9,45,91.41666667
12/23/17,75,46.9,114.5416667
12/24/17,64,51.1,17.29166667
12/25/17,50,37.9,143.5555556
12/26/17,48.9,32,128.5
12/27/17,42.1,35.1,44
12/28/17,35.1,25,138.375
12/29/17,46,24.1,146
12/30/17,57.9,25,129.6666667
12/31/17,39,28,103.25
1/1/18,28.9,19.9,131.5
1/2/18,34,14,157
1/3/18,33.1,14,36.54166667
1/4/18,37,16,154.2916667
1/5/18,35.1,8.1,157.4166667
1/6/18,30.9,12,161.2083333
1/7/18,33.1,12.9,156.375
1/8/18,54,14,125.625
1/9/18,69.1,30.9,144.3333333
1/10/18,68,39,121.2083333
1/11/18,75,48,83.375
1/12/18,72,61,53.2173913
1/13/18,50,35.1,161.4
1/14/18,39,27,160.625
1/15/18,43,21.9,158.2083333
1/16/18,52,21.9,142.25
1/17/18,41,28.9,22.91666667
1/18/18,42.1,18,165.4166667
1/19/18,59,23,163.0416667
1/20/18,61,28,163.75
1/21/18,71.1,30.9,153.8333333
1/22/18,64,36,81.91666667
1/23/18,73.9,50,114.5833333
1/24/18,59,33.1,167.7083333
1/25/18,53.1,28,171
1/26/18,57.9,25,153.4583333
1/27/18,66.9,36,106.2916667
1/28/18,62.1,54,34.04166667
1/29/18,59,45,77.64285714
1/30/18,46,32,266.125
1/31/18,48.9,26.1,179.1666667
2/1/18,66,30.9,165.125
2/2/18,57,30.9,137.5
2/3/18,45,24.1,181.2916667
2/4/18,63,33.1,16.25
2/5/18,57,37.9,214.2105263
2/6/18,68,32,170
2/7/18,48.9,43,0.125
2/8/18,55,36,229.4375
2/9/18,64,30,178.4166667
2/10/18,73,53.1,88.70833333
2/11/18,75.9,68,66.26086957
2/12/18,73.9,46.9,137.3571429
2/13/18,46.9,43,82.77777778
2/14/18,63,46.9,208.3571429
2/15/18,80.1,57,173.1818182
2/16/18,82,63,171.4583333
2/17/18,64.9,53.1,46.625
2/18/18,66.9,52,236.2777778
2/19/18,62.1,46,64.04166667
2/20/18,81,57,211.75
2/21/18,82,62.1,155.6315789
2/22/18,80.1,61,116.9130435
2/23/18,81,53.1,173.6956522
2/24/18,81,62.1,144.5833333
2/25/18,82.9,62.1,148.5416667
2/26/18,64.9,48,46.91666667
2/27/18,63,41,236.4666667
2/28/18,63,39,75.70833333
3/1/18,75.9,57.9,83.57142857
3/2/18,66,48,344.25
3/3/18,60.1,39,236.5416667
3/4/18,57.9,35.1,237.75
3/5/18,60.1,30.9,221.3333333
3/6/18,57,41,42.375
3/7/18,59,42.1,216.7619048
3/8/18,50,28.9,142.2083333
3/9/18,55.9,27,243.5833333
3/10/18,69.1,36,180.625
3/11/18,62.1,44.1,120.3478261
3/12/18,43,36,21.83333333
3/13/18,55,36,373.3125
3/14/18,48,30,206.5
3/15/18,69.1,25,251.7916667
3/16/18,75,46,237.3333333
3/17/18,72,37.9,165.75
3/18/18,66,50,214
3/19/18,72,48,148.125
3/20/18,75.9,45,180.5416667
3/21/18,48,41,69
3/22/18,55.9,37,306.8095238
3/23/18,60.1,30.9,270.7083333
3/24/18,51.1,35.1,71.65217391
3/25/18,55,39.9,168.8
3/26/18,57,37,277.5
3/27/18,48,39.9,55.65217391
3/28/18,79,43,235.7083333
3/29/18,80.1,57,225.75
3/30/18,70,61,65.375
3/31/18,57.9,46.9,0
4/1/18,missing,missing,missing
4/2/18,84.9,66,405
4/3/18,84.9,54,237.5833333
4/4/18,79,54,183.4166667
4/5/18,66,39.9,293.1666667
4/6/18,75.9,37.9,276.4166667
4/7/18,66.9,39,40.45833333
4/8/18,55,36,262.3333333
4/9/18,51.1,45,26.15789474
4/10/18,63,44.1,197.0416667
4/11/18,66,41,249.75
4/12/18,75,42.1,298.625
4/13/18,81,53.1,260.2083333
4/14/18,82.9,55.9,260.9583333
4/15/18,82.9,64.9,167.375
4/16/18,64,48,234.125
4/17/18,66.9,35.1,318.9166667
4/18/18,86,53.1,287.625
4/19/18,82,50,270.875
4/20/18,69.1,39.9,324.875
4/21/18,72,37.9,318.75
4/22/18,73,42.1,224.2083333
4/23/18,64,55.9,63.54166667
4/24/18,78.1,61,146.3181818
4/25/18,73.9,57,225.5
4/26/18,78.1,54,220.125
4/27/18,75.9,57.9,230.125
4/28/18,81,52,300.4583333
4/29/18,69.1,46,333.5
4/30/18,73.9,39.9,332.4583333
5/1/18,82.9,48.9,328.75
5/2/18,84,52,327.7083333
5/3/18,84.9,55.9,301.7727273
5/4/18,86,59,325.7916667
5/5/18,82,60.1,244.125
5/6/18,86,68,230.875
5/7/18,80.1,61,233.375
5/8/18,78.1,55.9,305.4583333
5/9/18,84,55.9,320.5
5/10/18,88,62.1,309.2916667
5/11/18,95,62.1,315.75
5/12/18,93.9,64,295.7083333
5/13/18,93.9,66.9,304.7916667
5/14/18,91.9,68,304.8333333
5/15/18,87.1,69.1,174.0833333
5/16/18,84.9,70,169.1666667
5/17/18,78.1,69.1,87.91666667
5/18/18,81,71.1,140.2083333
5/19/18,75.9,69.1,84.91666667
5/20/18,86,69.1,192.4166667
5/21/18,86,70,234.9166667
5/22/18,87.1,70,252.826087
5/23/18,87.1,69.1,234
5/24/18,82.9,72,138.6666667
5/25/18,90,69.1,239.6086957
5/26/18,89.1,69.1,254.5416667
5/27/18,86,68,241.5
5/28/18,78.1,71.1,79.95833333
5/29/18,88,73.9,220.2083333
5/30/18,88,73.9,226.5
5/31/18,86,73,195.0833333
6/1/18,93,69.1,322.0416667
6/2/18,91,71.1,295.5833333
6/3/18,91,69.1,317.1666667
6/4/18,90,64.9,341.2083333
6/5/18,86,61,295.75
6/6/18,91,60.1,297.3333333
6/7/18,91,68,316.5
6/8/18,90,70,262.7083333
6/9/18,88,69.1,208.5416667
6/10/18,91.9,68,310.9583333
6/11/18,91,71.1,233.625
6/12/18,71.1,66.9,48.5
6/13/18,84.9,69.1,229.5
6/14/18,93,72,289
6/15/18,91.9,72,269.4166667
6/16/18,91,70,309
6/17/18,93,71.1,293.5217391
6/18/18,93.9,75,236.125
6/19/18,97,75,317.1666667
6/20/18,96.1,77,226.7916667
6/21/18,95,73.9,290.4166667
6/22/18,93.9,78.1,297.5833333
6/23/18,93,75,301.1666667
6/24/18,96.1,75.9,281.0833333
6/25/18,95,71.1,274.6666667
6/26/18,86,71.1,170
6/27/18,88,73,247.4583333
6/28/18,93,71.1,305.125
6/29/18,93.9,73.9,313.4583333
6/30/18,91.9,73,301.0833333
7/1/18,95,73.9,293.4166667
7/2/18,95,73.9,307.5416667
7/3/18,93.9,73.9,302.9166667
7/4/18,91.9,73,260.125
7/5/18,93,73.9,210.2916667
7/6/18,95,72,313.6666667
7/7/18,80.1,72,107
7/8/18,86,68,301.7916667
7/9/18,89.1,64.9,323.5
7/10/18,93.9,61,331.0833333
7/11/18,98.1,66.9,326
7/12/18,96.1,73,232.0833333
7/13/18,90,72,224.125
7/14/18,91.9,70,320.4583333
7/15/18,93,66,316.4166667
7/16/18,89.1,70,212.9583333
7/17/18,96.1,73,256.4583333
7/18/18,88,73.9,172.4583333
7/19/18,91,70,304.3333333
7/20/18,82,72,120.9583333
7/21/18,91,72,294.625
7/22/18,91,72,275.125
7/23/18,88,73.9,220.3333333
7/24/18,87.1,73.9,215.9583333
7/25/18,87.1,72,206.5833333
7/26/18,95,71.1,292.0416667
7/27/18,91.9,73.9,224
7/28/18,93,73.9,271.0416667
7/29/18,89.1,73,200.8333333
7/30/18,84.9,73,165.6666667
7/31/18,89.1,72,210.25
8/1/18,88,75,203.375
8/2/18,82.9,75,90.7
8/3/18,missing,missing,missing
8/4/18,88,73,219.1304348
8/5/18,93,73,236.25
8/6/18,93.9,71.1,282.5
8/7/18,93,73,283.75
8/8/18,95,73,256.25
8/9/18,91.9,72,298.75
8/10/18,91.9,73,241.25
8/11/18,93,73.9,267.9166667
8/12/18,91.9,71.1,188.3333333
8/13/18,87.1,70,190
8/14/18,91.9,71.1,272.0833333
8/15/18,93.9,71.1,255.8333333
8/16/18,93,73.9,260.4166667
8/17/18,93,73.9,238.75
8/18/18,90,73.9,254.1666667
8/19/18,88,73,208.75
8/20/18,93,75,255.8333333
8/21/18,89.1,75.9,192.9166667
8/22/18,91,75,198.3333333
8/23/18,84,68,285.8333333
8/24/18,84.9,62.1,277.5
8/25/18,88,66,282.0833333
8/26/18,91.9,64,287.5
8/27/18,93.9,70,285
8/28/18,93.9,73,266.6666667
8/29/18,93.9,71.1,250.4166667
8/30/18,96.1,73,253.75
8/31/18,96.1,73,251.6666667
9/1/18,95,72,254.5833333
9/2/18,93.9,73.9,239.5833333
9/3/18,93,72,218.75
9/4/18,91.9,73,175.8333333
9/5/18,93,73,199.5833333
9/6/18,93.9,71.1,261.6666667
9/7/18,93.9,70,246.25
9/8/18,93,70,208.75
9/9/18,95,71.1,250.4166667
9/10/18,93,71.1,213.75
9/11/18,91.9,70,150.8333333
9/12/18,91.9,73.9,208.3333333
9/13/18,84.9,75.9,112.9166667
9/14/18,80.1,73.9,21.25
9/15/18,75.9,73.9,20.83333333
9/16/18,78.1,73.9,25.83333333
9/17/18,89.1,75,184.5833333
9/18/18,91,73,240.4166667
9/19/18,91,72,250
9/20/18,90,70,221.6666667
9/21/18,84.9,70,195.8333333
9/22/18,90,66.9,227.5
9/23/18,88,66.9,227.5
9/24/18,78.1,69.1,85.13043478
9/25/18,87.1,70,181.6666667
9/26/18,91,70,212.5
9/27/18,88,71.1,176.25
9/28/18,88,71.1,190.4166667
9/29/18,84.9,72,156.6666667
9/30/18,84,64.9,198.3333333
10/1/18,87.1,63,231.25
10/2/18,87.1,64,200.8333333
10/3/18,89.1,66.9,196.25
10/4/18,91,68,205
10/5/18,93,71.1,199.5833333
10/6/18,82.9,72,137.0833333
10/7/18,87.1,71.1,125
10/8/18,89.1,70,158.75
10/9/18,86,71.1,134.5833333
10/10/18,81,72,45
10/11/18,80.1,71.1,14.58333333
10/12/18,75,55.9,218.75
10/13/18,75,53.1,210.4166667
10/14/18,79,57.9,159.1666667
10/15/18,84,63,103.3333333
10/16/18,84,66,122.5
10/17/18,81,64,127.0833333
10/18/18,66.9,52,192.9166667
10/19/18,75.9,46.9,201.25
10/20/18,75,63,59.16666667
10/21/18,63,42.1,209.5833333
10/22/18,66.9,37.9,200.8333333
10/23/18,71.1,44.1,145.4166667
10/24/18,66,43,197.0833333
10/25/18,59,41,123.3333333
10/26/18,57.9,46.9,21.66666667
10/27/18,62.1,48.9,64.58333333
10/28/18,66.9,46,187.9166667
10/29/18,71.1,46.9,191.25
10/30/18,68,41,185
10/31/18,75.9,41,180
11/1/18,80.1,51.1,115
11/2/18,73.9,62.1,40.83333333
11/3/18,64.9,44.1,182.5
11/4/18,73,41,162.0833333
11/5/18,66.9,61,38.33333333
11/6/18,81,66,95.41666667
11/7/18,78.1,55,152.0833333
11/8/18,66,57.9,75.83333333
11/9/18,64.9,54,65
11/10/18,59,39.9,167.9166667
11/11/18,55.9,36,136.25
11/12/18,54,46,12.08333333
11/13/18,62.1,53.1,40.83333333
11/14/18,53.1,45,35.83333333
11/15/18,50,42.1,25.41666667
11/16/18,57.9,39,163.3333333
11/17/18,63,34,161.25
11/18/18,64,37.9,119.5833333
11/19/18,66.9,51.1,112.0833333
11/20/18,66.9,48,76.25
11/21/18,60.1,37.9,155.8333333
11/22/18,55,39.9,150.8333333
11/23/18,50,32,140.4166667
11/24/18,55.9,42.1,53.33333333
11/25/18,64.9,44.1,127.0833333
11/26/18,69.1,46.9,70.83333333
11/27/18,51.1,36,121.25
11/28/18,46.9,28,153.3333333
11/29/18,55,26.1,147.5
11/30/18,66.9,46,90.83333333
12/1/18,63,50,38.75
12/2/18,73.9,60.1,56.66666667
12/3/18,71.1,55,76.25
12/4/18,55.9,41,140.4166667
12/5/18,50,36,110.8333333
12/6/18,48.9,27,133.3333333
12/7/18,52,30.9,85
12/8/18,45,39.9,32.5
12/9/18,39.9,35.1,10.83333333
12/10/18,39.9,34,37.5
12/11/18,51.1,33.1,138.75
12/12/18,54,30,102.5
12/13/18,57.9,35.1,90.83333333
12/14/18,63,48.9,10.83333333
12/15/18,64,52,30.41666667
12/16/18,63,46,132.0833333
12/17/18,64.9,41,132.9166667
12/18/18,57.9,37,136.25
12/19/18,59,35.1,85
12/20/18,66.9,48,17.5
12/21/18,66.9,48,97.5
12/22/18,57,39.9,136.6666667
12/23/18,61,32,138.3333333
12/24/18,55.9,34,139.5833333
12/25/18,55.9,28.9,138.75
12/26/18,55.9,30,140
12/27/18,60.1,37.9,83.75
12/28/18,75.9,60.1,46.25
12/29/18,68,50,105.8333333
12/30/18,57.9,51.1,32.5
12/31/18,68,55.9,45